$$$Solid-Liquid Equilibrium Data Set 18682	
No.	Formula	Molar Mass	CAS Registry Number	Name	
1	ClK	74.551	7447-40-7	Potassium chloride	
2	C4H8O2	88.106	141-78-6	Ethyl acetate	
3	H2O	18.015	7732-18-5	Water	
T [K]	xL1 [mol/mol]	xL2 [mol/mol]	
273.15	0.00000	0.00000	
271.60	0.002487	0.010066	
271.32	0.004375469871	0.009082	
270.97	0.00684	0.007803	
270.74	0.008584	0.006893	
270.15	0.013063	0.004563	
269.88	0.015315	0.003389440011	
Source	
Rivett A.D.C.: Neutralsalzwirkung auf die Gefrierpunkte von Mischungen in wässeriger Lösung. Z.Phys.Chem.(Leipzig) 80 (1912) 537-563	
